{"id":"WPSRobot","robotType":"ROBOT","mainClass":"com.appian.robot.core.template.WPSRobot","actions":["start","readExcel","loginVdesk7","loginNice","manipulate","confirmation","select","end"],"conditionalActions":[],"fieldLinks":[],"actionDetails":[{"id":"start","implementation":"/**\n\t * Initialize the modules\n\t * @throws IOException \n\t */\npublic void start() throws IOException {\n    server = JidokaFactory.getServer();\n    windows = IWindows.getInstance(this);\n    falcon = IFalcon.getInstance(this, windows);\n    images = JidokaImageSupport.getInstance(this);\n    falconManager = new  FalconManager(this, falcon);\n    waitFor = windows.getWaitFor(this);\n    server.setNumberOfItems(5);\n}"},{"id":"readExcel","implementation":"/**\n\t * \n\t * @throws Exception\n\t */\npublic void readExcel() throws Exception {\n    server.debug(\"readExcel\");\n    //Instead open a Excel file, I am going to open a paint tool\n    imageToOpen = falconManager.getImage(Paths.get(server.getCurrentDir(), \"img\", \"background.png\"));\n    this.openFalconImgInPaint(imageToOpen);\n}"},{"id":"loginVdesk7","implementation":"/**\n\t * \n\t * @throws Exception\n\t */\npublic void loginVdesk7() throws Exception {\n    server.debug(\"loginVdesk7\");\n}"},{"id":"loginNice","implementation":"/**\n\t * \n\t * @throws Exception\n\t */\npublic void loginNice() throws Exception {\n    server.debug(\"loginNice\");\n}"},{"id":"manipulate","implementation":"/**\n\t * \n\t * @throws Exception\n\t */\npublic void manipulate() throws Exception {\n    server.debug(\"manipulate\");\n}"},{"id":"confirmation","implementation":"public void confirmation() throws Exception {\n    server.debug(\"Confirmation Category & Location\");\n}"},{"id":"select","implementation":"public void select() throws Exception {\n    server.debug(\"select\");\n    imagesWPOSOT = new  ArrayList<IFalconImage>();\n    ImageResult imaageR = null;\n    //\t\t//populate Images to search into imagesWPOSOT array\n    falconManager.initImagesToSearch(imagesWPOSOT, \"WPOSOT\");\n    imaageR = falconManager.findImage(imagesWPOSOT);\n    server.setCurrentItem(1, images.getTestPng().getDescription());\n    if (imaageR.isFound()) {\n        server.info(\"Found it\");\n        imaageR.getImageFound().mouseMoveToCenter();\n        server.setCurrentItemResultToOK(imaageR.getImageFound().getDescription());\n    } else {\n        server.setCurrentItemResultToWarn();\n    }\n    //Populate WPSOTB folder images\n    imagesWPOSOT = new  ArrayList<IFalconImage>();\n    falconManager.initImagesToSearch(imagesWPOSOT, \"WPSOTB\");\n    server.setCurrentItem(2, images.getTestPng().getDescription());\n    imaageR = falconManager.findImage(imagesWPOSOT);\n    if (imaageR.isFound()) {\n        server.info(\"Found it\");\n        imaageR.getImageFound().mouseMoveToCenter();\n        server.setCurrentItemResultToOK(imaageR.getImageFound().getDescription());\n    } else {\n        server.setCurrentItemResultToWarn();\n    }\n    //Populate WPSOTS folder images\n    imagesWPOSOT = new  ArrayList<IFalconImage>();\n    falconManager.initImagesToSearch(imagesWPOSOT, \"WPSOTS\");\n    server.setCurrentItem(3, \"Image 3\");\n    imaageR = falconManager.findImage(imagesWPOSOT);\n    if (imaageR.isFound()) {\n        server.info(\"Found it\");\n        imaageR.getImageFound().mouseMoveToCenter();\n        falconManager.sendImage(imaageR);\n        server.setCurrentItemResultToOK(imaageR.getImageFound().getDescription());\n    } else {\n        server.setCurrentItemResultToWarn();\n    }\n    //Scond Approach\n    IFalconImage[] popupWin = new IFalconImage[imagesWPOSOT.size()];\n    server.setCurrentItem(4, images.getTestPng().getDescription());\n    popupWin = imagesWPOSOT.toArray(popupWin);\n    IImageResource image = waitFor.image(2, false, popupWin);\n    if (image.satisfied()) {\n        image.mouseMoveToCenter();\n        server.setCurrentItemResultToOK(imaageR.getImageFound().getDescription());\n    } else {\n        server.setCurrentItemResultToWarn();\n    }\n    //Third approach\n    server.setCurrentItem(5, images.getTestPng().getDescription());\n    boolean output = windows.waitCondition(5, 2000, \"Wainting image\", null, true, ( i,  c)->{\n    try {\n        return falconManager.findImage(imagesWPOSOT).isFound();\n    } catch (Exception e) {\n        server.error(e.getMessage());\n    }\n    return false;\n});\n    if (output) {\n        image.mouseMoveToCenter();\n        server.setCurrentItemResultToOK(imaageR.getImageFound().getDescription());\n    } else {\n        server.setCurrentItemResultToWarn();\n    }\n}"},{"id":"end","implementation":"/**\n\t * End.\n\t */\npublic void end() {\n}"}],"conditionalActionDetails":[],"sdkMethods":[]}